Column1;Column2;Column3;Column4;Column5;Item;Pages;Kind;Name.1;Text;Items;Name
Items;Pet snakeling;Tanzanite mutagen;Magma mutagen;Zulrah_edit___edit_source;;;;;;;
Items;Jar of swamp;Magic fang;Serpentine visage;Zulrah_edit___edit_source;;;;;;;
Items;Tanzanite fang;Zul-andra teleport;Uncut onyx;Zulrah_edit___edit_source;;;;;;;
Items;Zulrah's scales;N/A;N/A;Zulrah_edit___edit_source;;;;;;;
Items;Smolcano;Crystal tool seed;Zalcano_edit___edit_source;;;;;;;;
Items;Zalcano shard;Uncut onyx;Zalcano_edit___edit_source;;;;;;;;
Items;Phoenix;Tome of fire (empty);Burnt page;Wintertodt_edit___edit_source;;;;;;;
Items;Pyromancer garb;Pyromancer hood;Pyromancer robe;Wintertodt_edit___edit_source;;;;;;;
Items;Pyromancer boots;Warm gloves;Bruma torch;Wintertodt_edit___edit_source;;;;;;;
Items;Dragon axe;N/A;N/A;Wintertodt_edit___edit_source;;;;;;;
Items;Vorki;Vorkath's head;Draconic visage;Vorkath_edit___edit_source;;;;;;;
Items;Skeletal visage;Jar of decay;Dragonbone necklace;Vorkath_edit___edit_source;;;;;;;
Items;Vet'ion jr.;Ring of the gods;Vet_ion_edit___edit_source;;;;;;;;
Items;Dragon pickaxe;Dragon 2h sword;Vet_ion_edit___edit_source;;;;;;;;
Items;Venenatis spiderling;Treasonous ring;Venenatis_edit___edit_source;;;;;;;;
Items;Dragon pickaxe;Dragon 2h sword;Venenatis_edit___edit_source;;;;;;;;
Items;Obsidian cape;Toktz-ket-xil;Tzhaar-ket-om;TzHaar_edit___edit_source;;;;;;;
Items;Toktz-xil-ak;Toktz-xil-ek;Toktz-mej-tal;TzHaar_edit___edit_source;;;;;;;
Items;Toktz-xil-ul;Obsidian helmet;Obsidian platebody;TzHaar_edit___edit_source;;;;;;;
Items;Obsidian platelegs;N/A;N/A;TzHaar_edit___edit_source;;;;;;;
Items;Blue naval shirt;Blue tricorn hat;Blue navy slacks;Trouble_Brewing_edit___edit_source;;;;;;;
Items;Green naval shirt;Green tricorn hat;Green navy slacks;Trouble_Brewing_edit___edit_source;;;;;;;
Items;Red naval shirt;Red tricorn hat;Red navy slacks;Trouble_Brewing_edit___edit_source;;;;;;;
Items;Brown naval shirt;Brown tricorn hat;Brown navy slacks;Trouble_Brewing_edit___edit_source;;;;;;;
Items;Black naval shirt;Black tricorn hat;Black navy slacks;Trouble_Brewing_edit___edit_source;;;;;;;
Items;Purple naval shirt;Purple tricorn hat;Purple navy slacks;Trouble_Brewing_edit___edit_source;;;;;;;
Items;Grey naval shirt;Grey tricorn hat;Grey navy slacks;Trouble_Brewing_edit___edit_source;;;;;;;
Items;Cutthroat flag;Gilded smile flag;Bronze fist flag;Trouble_Brewing_edit___edit_source;;;;;;;
Items;Lucky shot flag;Treasure flag;Phasmatys flag;Trouble_Brewing_edit___edit_source;;;;;;;
Items;The stuff;Rum;Rum;Trouble_Brewing_edit___edit_source;;;;;;;
Items;Tumeken's guardian;Tumeken's shadow (uncharged);Elidinis' ward;Tombs_of_Amascut_edit___edit_source;;;;;;;
Items;Masori mask;Masori body;Masori chaps;Tombs_of_Amascut_edit___edit_source;;;;;;;
Items;Lightbearer;Osmumten's fang;Thread of elidinis;Tombs_of_Amascut_edit___edit_source;;;;;;;
Items;Breach of the scarab;Eye of the corruptor;Jewel of the sun;Tombs_of_Amascut_edit___edit_source;;;;;;;
Items;Menaphite ornament kit;Cursed phalanx;Masori crafting kit;Tombs_of_Amascut_edit___edit_source;;;;;;;
Items;Cache of runes;Icthlarin's shroud (tier 1);Icthlarin's shroud (tier 2);Tombs_of_Amascut_edit___edit_source;;;;;;;
Items;Icthlarin's shroud (tier 3);Icthlarin's shroud (tier 4);Icthlarin's shroud (tier 5);Tombs_of_Amascut_edit___edit_source;;;;;;;
Items;Remnant of akkha;Remnant of ba-ba;Remnant of kephri;Tombs_of_Amascut_edit___edit_source;;;;;;;
Items;Remnant of zebak;Ancient remnant;Tombs_of_Amascut_edit___edit_source;;;;;;;;
Items;Farmer's strawhat;Farmer's jacket;Tithe_Farm_edit___edit_source;;;;;;;;
Items;Farmer's boro trousers;Farmer's boots;Tithe_Farm_edit___edit_source;;;;;;;;
Items;Seed box;Gricoller's can;Tithe_Farm_edit___edit_source;;;;;;;;
Items;Herb sack;N/A;Tithe_Farm_edit___edit_source;;;;;;;;
Items;Pet smoke devil;Occult necklace;Smoke battlestaff;Thermonuclear_smoke_devil_edit___edit_source;;;;;;;
Items;Dragon chainbody;Jar of smoke;N/A;Thermonuclear_smoke_devil_edit___edit_source;;;;;;;
Items;Lil' zik;Scythe of vitur (uncharged);Ghrazi rapier;Theatre_of_Blood_edit___edit_source;;;;;;;
Items;Sanguinesti staff (uncharged);Justiciar faceguard;Justiciar chestguard;Theatre_of_Blood_edit___edit_source;;;;;;;
Items;Justiciar legguards;Avernic defender hilt;Vial of blood;Theatre_of_Blood_edit___edit_source;;;;;;;
Items;Sinhaza shroud tier 1;Sinhaza shroud tier 2;Sinhaza shroud tier 3;Theatre_of_Blood_edit___edit_source;;;;;;;
Items;Sinhaza shroud tier 4;Sinhaza shroud tier 5;Sanguine dust;Theatre_of_Blood_edit___edit_source;;;;;;;
Items;Holy ornament kit;Sanguine ornament kit;N/A;Theatre_of_Blood_edit___edit_source;;;;;;;
Items;Little nightmare;Inquisitor's mace;Inquisitor's great helm;The_Nightmare_edit___edit_source;;;;;;;
Items;Inquisitor's hauberk;Inquisitor's plateskirt;Nightmare staff;The_Nightmare_edit___edit_source;;;;;;;
Items;Volatile orb;Harmonised orb;Eldritch orb;The_Nightmare_edit___edit_source;;;;;;;
Items;Jar of dreams;Slepey tablet;Parasitic egg;The_Nightmare_edit___edit_source;;;;;;;
Items;Youngllef;Crystal armour seed;The_Gauntlet_edit___edit_source;;;;;;;;
Items;Crystal weapon seed;Enhanced crystal weapon seed;The_Gauntlet_edit___edit_source;;;;;;;;
Items;Gauntlet cape;N/A;The_Gauntlet_edit___edit_source;;;;;;;;
Items;Tiny tempor;Big harpoonfish;Spirit angler headband;Tempoross_edit___edit_source;;;;;;;
Items;Spirit angler top;Spirit angler waders;Spirit angler boots;Tempoross_edit___edit_source;;;;;;;
Items;Tome of water (empty);Soaked page;Tackle box;Tempoross_edit___edit_source;;;;;;;
Items;Fish barrel;Dragon harpoon;Spirit flakes;Tempoross_edit___edit_source;;;;;;;
Items;Lumberjack hat;Lumberjack top;Temple_Trekking_edit___edit_source;;;;;;;;
Items;Lumberjack legs;Lumberjack boots;Temple_Trekking_edit___edit_source;;;;;;;;
Items;Crawling hand;Cockatrice head;Basilisk head;Kurask head;Slayer_edit___edit_source;;;;;;
Items;Abyssal head;Imbued heart;Eternal gem;Dust battlestaff;Slayer_edit___edit_source;;;;;;
Items;Mist battlestaff;Abyssal whip;Granite maul;Mudskipper hat;Slayer_edit___edit_source;;;;;;
Items;Flippers;Brine sabre;Leaf-bladed sword;Leaf-bladed battleaxe;Slayer_edit___edit_source;;;;;;
Items;Black mask;Granite longsword;Granite boots;Wyvern visage;Slayer_edit___edit_source;;;;;;
Items;Granite legs;Granite helm;Draconic visage;Bronze boots;Slayer_edit___edit_source;;;;;;
Items;Iron boots;Steel boots;Black boots;Mithril boots;Slayer_edit___edit_source;;;;;;
Items;Adamant boots;Rune boots;Dragon boots;Abyssal dagger;Slayer_edit___edit_source;;;;;;
Items;Uncharged trident;Kraken tentacle;Dark bow;Occult necklace;Slayer_edit___edit_source;;;;;;
Items;Dragon chainbody;Dragon thrownaxe;Dragon harpoon;Dragon sword;Slayer_edit___edit_source;;;;;;
Items;Dragon knife;Broken dragon hasta;Drake's tooth;Drake's claw;Slayer_edit___edit_source;;;;;;
Items;Hydra tail;Hydra's fang;Hydra's eye;Hydra's heart;Slayer_edit___edit_source;;;;;;
Items;Mystic hat (light);Mystic robe top (light);Mystic robe bottom (light);Mystic gloves (light);Slayer_edit___edit_source;;;;;;
Items;Mystic boots (light);Mystic hat (dark);Mystic robe top (dark);Mystic robe bottom (dark);Slayer_edit___edit_source;;;;;;
Items;Mystic gloves (dark);Mystic boots (dark);Mystic hat (dusk);Mystic robe top (dusk);Slayer_edit___edit_source;;;;;;
Items;Mystic robe bottom (dusk);Mystic gloves (dusk);Mystic boots (dusk);Basilisk jaw;Slayer_edit___edit_source;;;;;;
Items;Dagon'hai hat;Dagon'hai robe top;Dagon'hai robe bottom;Blood shard;Slayer_edit___edit_source;;;;;;
Items;Ancient ceremonial mask;Ancient ceremonial top;Ancient ceremonial legs;Ancient ceremonial gloves;Slayer_edit___edit_source;;;;;;
Items;Skotos;Jar of darkness;Dark claw;Skotizo_edit___edit_source;;;;;;;
Items;Dark totem;Uncut onyx;Ancient shard;Skotizo_edit___edit_source;;;;;;;
Items;Heron;Rock golem;Beaver;Skilling_Pets_edit___edit_source;;;;;;;
Items;Baby chinchompa;Giant squirrel;Tangleroot;Skilling_Pets_edit___edit_source;;;;;;;
Items;Rocky;Rift guardian;N/A;Skilling_Pets_edit___edit_source;;;;;;;
Items;Shayzien gloves (1);Shayzien boots (1);Shayzien helm (1);Shayzien_Armour_edit___edit_source;;;;;;;
Items;Shayzien greaves (1);Shayzien platebody (1);Shayzien gloves (2);Shayzien_Armour_edit___edit_source;;;;;;;
Items;Shayzien boots (2);Shayzien helm (2);Shayzien greaves (2);Shayzien_Armour_edit___edit_source;;;;;;;
Items;Shayzien platebody (2);Shayzien gloves (3);Shayzien boots (3);Shayzien_Armour_edit___edit_source;;;;;;;
Items;Shayzien helm (3);Shayzien greaves (3);Shayzien platebody (3);Shayzien_Armour_edit___edit_source;;;;;;;
Items;Shayzien gloves (4);Shayzien boots (4);Shayzien helm (4);Shayzien_Armour_edit___edit_source;;;;;;;
Items;Shayzien greaves (4);Shayzien platebody (4);Shayzien gloves (5);Shayzien_Armour_edit___edit_source;;;;;;;
Items;Shayzien boots (5);Shayzien helm (5);Shayzien greaves (5);Shayzien_Armour_edit___edit_source;;;;;;;
Items;Shayzien body (5);N/A;N/A;Shayzien_Armour_edit___edit_source;;;;;;;
Items;Saradomin page 1;Saradomin page 2;Saradomin page 3;Saradomin page 4;Shared_Treasure_Trail_Rewards_edit___edit_source;;;;;;
Items;Zamorak page 1;Zamorak page 2;Zamorak page 3;Zamorak page 4;Shared_Treasure_Trail_Rewards_edit___edit_source;;;;;;
Items;Guthix page 1;Guthix page 2;Guthix page 3;Guthix page 4;Shared_Treasure_Trail_Rewards_edit___edit_source;;;;;;
Items;Bandos page 1;Bandos page 2;Bandos page 3;Bandos page 4;Shared_Treasure_Trail_Rewards_edit___edit_source;;;;;;
Items;Armadyl page 1;Armadyl page 2;Armadyl page 3;Armadyl page 4;Shared_Treasure_Trail_Rewards_edit___edit_source;;;;;;
Items;Ancient page 1;Ancient page 2;Ancient page 3;Ancient page 4;Shared_Treasure_Trail_Rewards_edit___edit_source;;;;;;
Items;Holy blessing;Unholy blessing;Peaceful blessing;War blessing;Shared_Treasure_Trail_Rewards_edit___edit_source;;;;;;
Items;Honourable blessing;Ancient blessing;Nardah teleport;Mos le'harmless teleport;Shared_Treasure_Trail_Rewards_edit___edit_source;;;;;;
Items;Mort'ton teleport;Feldip hills teleport;Lunar isle teleport;Digsite teleport;Shared_Treasure_Trail_Rewards_edit___edit_source;;;;;;
Items;Piscatoris teleport;Pest control teleport;Tai bwo wannai teleport;Lumberyard teleport;Shared_Treasure_Trail_Rewards_edit___edit_source;;;;;;
Items;Iorwerth camp teleport;Master scroll book;Red firelighter;Green firelighter;Shared_Treasure_Trail_Rewards_edit___edit_source;;;;;;
Items;Blue firelighter;Purple firelighter;White firelighter;Charge dragonstone jewellery scroll;Shared_Treasure_Trail_Rewards_edit___edit_source;;;;;;
Items;Purple sweets;N/A;N/A;N/A;Shared_Treasure_Trail_Rewards_edit___edit_source;;;;;;
Items;Amulet of the damned;Flamtaer bag;Fine cloth;Shades_of_Mort_ton_edit___edit_source;;;;;;;
Items;Bronze locks;Steel locks;Black locks;Shades_of_Mort_ton_edit___edit_source;;;;;;;
Items;Silver locks;Gold locks;Zealot's helm;Shades_of_Mort_ton_edit___edit_source;;;;;;;
Items;Zealot's robe top;Zealot's robe bottom;Zealot's boots;Shades_of_Mort_ton_edit___edit_source;;;;;;;
Items;Tree wizards' journal;Bloody notes;N/A;Shades_of_Mort_ton_edit___edit_source;;;;;;;
Items;Sraracha;Jar of eyes;Sarachnis_edit___edit_source;;;;;;;;
Items;Giant egg sac(full);Sarachnis cudgel;Sarachnis_edit___edit_source;;;;;;;;
Items;Mark of grace;Graceful hood;Graceful cape;Rooftop_Agility_edit___edit_source;;;;;;;
Items;Graceful top;Graceful legs;Graceful gloves;Rooftop_Agility_edit___edit_source;;;;;;;
Items;Graceful boots;N/A;N/A;Rooftop_Agility_edit___edit_source;;;;;;;
Items;Rogue mask;Rogue top;Rogues__Den_edit___edit_source;;;;;;;;
Items;Rogue trousers;Rogue boots;Rogues__Den_edit___edit_source;;;;;;;;
Items;Rogue gloves;N/A;Rogues__Den_edit___edit_source;;;;;;;;
Items;Viggora's chainmace (u);Craw's bow (u);Thammaron's sceptre (u);Revenants_edit___edit_source;;;;;;;
Items;Amulet of avarice;Bracelet of ethereum (uncharged);Ancient crystal;Revenants_edit___edit_source;;;;;;;
Items;Ancient relic;Ancient effigy;Ancient medallion;Revenants_edit___edit_source;;;;;;;
Items;Ancient statuette;Ancient totem;Ancient emblem;Revenants_edit___edit_source;;;;;;;
Items;Revenant cave teleport;Revenant ether;N/A;Revenants_edit___edit_source;;;;;;;
Items;Camo top;Camo bottoms;Camo helmet;Random_Events_edit___edit_source;;;;;;;
Items;Lederhosen top;Lederhosen shorts;Lederhosen hat;Random_Events_edit___edit_source;;;;;;;
Items;Zombie shirt;Zombie trousers;Zombie mask;Random_Events_edit___edit_source;;;;;;;
Items;Zombie gloves;Zombie boots;Mime mask;Random_Events_edit___edit_source;;;;;;;
Items;Mime top;Mime legs;Mime gloves;Random_Events_edit___edit_source;;;;;;;
Items;Mime boots;Frog token;Stale baguette;Random_Events_edit___edit_source;;;;;;;
Items;Beekeeper's hat;Beekeeper's top;Beekeeper's legs;Random_Events_edit___edit_source;;;;;;;
Items;Beekeeper's gloves;Beekeeper's boots;N/A;Random_Events_edit___edit_source;;;;;;;
Items;Void knight mace;Void knight top;Void knight robe;Pest_Control_edit___edit_source;;;;;;;
Items;Void knight gloves;Void mage helm;Void melee helm;Pest_Control_edit___edit_source;;;;;;;
Items;Void ranger helm;Void seal(8);Elite void top;Pest_Control_edit___edit_source;;;;;;;
Items;Elite void robe;N/A;N/A;Pest_Control_edit___edit_source;;;;;;;
Items;Nexling;Ancient hilt;Nihil horn;Nex_edit___edit_source;;;;;;;
Items;Zaryte vambraces;Torva full helm (damaged);Torva platebody (damaged);Nex_edit___edit_source;;;;;;;
Items;Torva platelegs (damaged);Nihil shard;N/A;Nex_edit___edit_source;;;;;;;
Items;Coal bag;Gem bag;Prospector helmet;Motherlode_Mine_edit___edit_source;;;;;;;
Items;Prospector jacket;Prospector legs;Prospector boots;Motherlode_Mine_edit___edit_source;;;;;;;
Items;Karamjan monkey;Kruk jr;Maniacal monkey;Monkey_Backpacks_edit___edit_source;;;;;;;
Items;Princely monkey;Skeleton monkey;Zombie monkey;Monkey_Backpacks_edit___edit_source;;;;;;;
Items;Herbi;Chompy chick;Dragon warhammer;Big swordfish;Miscellaneous_edit___edit_source;;;;;;
Items;Big shark;Big bass;Long bone;Curved bone;Miscellaneous_edit___edit_source;;;;;;
Items;Ecumenical key;Pharaoh's sceptre (3);Dark totem base;Dark totem middle;Miscellaneous_edit___edit_source;;;;;;
Items;Dark totem top;Chewed bones;Dragon full helm;Shield left half;Miscellaneous_edit___edit_source;;;;;;
Items;Dragon metal slice;Dragon metal lump;Dragon limbs;Dragon spear;Miscellaneous_edit___edit_source;;;;;;
Items;Amulet of eternal glory;Shaman mask;Evil chicken head;Evil chicken wings;Miscellaneous_edit___edit_source;;;;;;
Items;Evil chicken legs;Evil chicken feet;Mining gloves;Superior mining gloves;Miscellaneous_edit___edit_source;;;;;;
Items;Expert mining gloves;Right skull half;Left skull half;Top of sceptre;Miscellaneous_edit___edit_source;;;;;;
Items;Bottom of sceptre;Mossy key;Giant key;Hespori seed;Miscellaneous_edit___edit_source;;;;;;
Items;Fresh crab claw;Fresh crab shell;Xeric's talisman (inert);Mask of ranul;Miscellaneous_edit___edit_source;;;;;;
Items;Elven signet;Crystal grail;Enhanced crystal teleport seed;Dragonstone full helm;Miscellaneous_edit___edit_source;;;;;;
Items;Dragonstone platebody;Dragonstone platelegs;Dragonstone gauntlets;Dragonstone boots;Miscellaneous_edit___edit_source;;;;;;
Items;Uncut onyx;Merfolk trident;Orange egg sac;Blue egg sac;Miscellaneous_edit___edit_source;;;;;;
Items;Ranger boots;Wizard boots;Holy sandals;Climbing boots (g);Medium_Treasure_Trails_edit___edit_source;;;;;;
Items;Spiked manacles;Adamant full helm (t);Adamant platebody (t);Adamant platelegs (t);Medium_Treasure_Trails_edit___edit_source;;;;;;
Items;Adamant plateskirt (t);Adamant kiteshield (t);Adamant full helm (g);Adamant platebody (g);Medium_Treasure_Trails_edit___edit_source;;;;;;
Items;Adamant platelegs (g);Adamant plateskirt (g);Adamant kiteshield (g);Adamant shield (h1);Medium_Treasure_Trails_edit___edit_source;;;;;;
Items;Adamant shield (h2);Adamant shield (h3);Adamant shield (h4);Adamant shield (h5);Medium_Treasure_Trails_edit___edit_source;;;;;;
Items;Adamant helm (h1);Adamant helm (h2);Adamant helm (h3);Adamant helm (h4);Medium_Treasure_Trails_edit___edit_source;;;;;;
Items;Adamant helm (h5);Adamant platebody (h1);Adamant platebody (h2);Adamant platebody (h3);Medium_Treasure_Trails_edit___edit_source;;;;;;
Items;Adamant platebody (h4);Adamant platebody (h5);Mithril full helm (t);Mithril platebody (t);Medium_Treasure_Trails_edit___edit_source;;;;;;
Items;Mithril platelegs (t);Mithril plateskirt (t);Mithril kiteshield (t);Mithril full helm (g);Medium_Treasure_Trails_edit___edit_source;;;;;;
Items;Mithril platebody (g);Mithril platelegs (g);Mithril plateskirt (g);Mithril kiteshield (g);Medium_Treasure_Trails_edit___edit_source;;;;;;
Items;Green d'hide body (g);Green d'hide body (t);Green d'hide chaps (g);Green d'hide chaps (t);Medium_Treasure_Trails_edit___edit_source;;;;;;
Items;Saradomin mitre;Saradomin cloak;Guthix mitre;Guthix cloak;Medium_Treasure_Trails_edit___edit_source;;;;;;
Items;Zamorak mitre;Zamorak cloak;Ancient mitre;Ancient cloak;Medium_Treasure_Trails_edit___edit_source;;;;;;
Items;Ancient stole;Ancient crozier;Armadyl mitre;Armadyl cloak;Medium_Treasure_Trails_edit___edit_source;;;;;;
Items;Armadyl stole;Armadyl crozier;Bandos mitre;Bandos cloak;Medium_Treasure_Trails_edit___edit_source;;;;;;
Items;Bandos stole;Bandos crozier;Red boater;Green boater;Medium_Treasure_Trails_edit___edit_source;;;;;;
Items;Orange boater;Black boater;Blue boater;Pink boater;Medium_Treasure_Trails_edit___edit_source;;;;;;
Items;Purple boater;White boater;Red headband;Black headband;Medium_Treasure_Trails_edit___edit_source;;;;;;
Items;Brown headband;White headband;Blue headband;Gold headband;Medium_Treasure_Trails_edit___edit_source;;;;;;
Items;Pink headband;Green headband;Crier hat;Crier coat;Medium_Treasure_Trails_edit___edit_source;;;;;;
Items;Crier bell;Adamant cane;Arceuus banner;Piscarilius banner;Medium_Treasure_Trails_edit___edit_source;;;;;;
Items;Hosidius banner;Shayzien banner;Lovakengj banner;Cabbage round shield;Medium_Treasure_Trails_edit___edit_source;;;;;;
Items;Black unicorn mask;White unicorn mask;Cat mask;Penguin mask;Medium_Treasure_Trails_edit___edit_source;;;;;;
Items;Leprechaun hat;Black leprechaun hat;Wolf mask;Wolf cloak;Medium_Treasure_Trails_edit___edit_source;;;;;;
Items;Purple elegant shirt;Purple elegant blouse;Purple elegant legs;Purple elegant skirt;Medium_Treasure_Trails_edit___edit_source;;;;;;
Items;Black elegant shirt;White elegant blouse;Black elegant legs;White elegant skirt;Medium_Treasure_Trails_edit___edit_source;;;;;;
Items;Pink elegant shirt;Pink elegant blouse;Pink elegant legs;Pink elegant skirt;Medium_Treasure_Trails_edit___edit_source;;;;;;
Items;Gold elegant shirt;Gold elegant blouse;Gold elegant legs;Gold elegant skirt;Medium_Treasure_Trails_edit___edit_source;;;;;;
Items;Gnomish firelighter;Strength amulet (t);Yew comp bow;N/A;Medium_Treasure_Trails_edit___edit_source;;;;;;
Items;Bloodhound;Ring of 3rd age;Armadyl godsword ornament kit;Bandos godsword ornament kit;Master_Treasure_Trails_edit___edit_source;;;;;;
Items;Saradomin godsword ornament kit;Zamorak godsword ornament kit;Occult ornament kit;Torture ornament kit;Master_Treasure_Trails_edit___edit_source;;;;;;
Items;Anguish ornament kit;Dragon defender ornament kit;Dragon kiteshield ornament kit;Dragon platebody ornament kit;Master_Treasure_Trails_edit___edit_source;;;;;;
Items;Tormented ornament kit;Hood of darkness;Robe top of darkness;Robe bottom of darkness;Master_Treasure_Trails_edit___edit_source;;;;;;
Items;Gloves of darkness;Boots of darkness;Samurai kasa;Samurai shirt;Master_Treasure_Trails_edit___edit_source;;;;;;
Items;Samurai greaves;Samurai boots;Samurai gloves;Ankou mask;Master_Treasure_Trails_edit___edit_source;;;;;;
Items;Ankou top;Ankou gloves;Ankou socks;Ankou's leggings;Master_Treasure_Trails_edit___edit_source;;;;;;
Items;Mummy's head;Mummy's feet;Mummy's hands;Mummy's legs;Master_Treasure_Trails_edit___edit_source;;;;;;
Items;Mummy's body;Shayzien hood;Hosidius hood;Arceuus hood;Master_Treasure_Trails_edit___edit_source;;;;;;
Items;Piscarilius hood;Lovakengj hood;Lesser demon mask;Greater demon mask;Master_Treasure_Trails_edit___edit_source;;;;;;
Items;Black demon mask;Jungle demon mask;Old demon mask;Left eye patch;Master_Treasure_Trails_edit___edit_source;;;;;;
Items;Bowl wig;Ale of the gods;Obsidian cape (r);Half moon spectacles;Master_Treasure_Trails_edit___edit_source;;;;;;
Items;Fancy tiara;N/A;N/A;N/A;Master_Treasure_Trails_edit___edit_source;;;;;;
Items;3rd age pickaxe;3rd age axe;3rd age longsword;3rd age wand;Master_Treasure_Trail_Rewards__Rare__edit___edit_source;;;;;;
Items;3rd age cloak;3rd age bow;3rd age range coif;3rd age range top;Master_Treasure_Trail_Rewards__Rare__edit___edit_source;;;;;;
Items;3rd age range legs;3rd age vambraces;3rd age robe top;3rd age robe;Master_Treasure_Trail_Rewards__Rare__edit___edit_source;;;;;;
Items;3rd age mage hat;3rd age amulet;3rd age plateskirt;3rd age platelegs;Master_Treasure_Trail_Rewards__Rare__edit___edit_source;;;;;;
Items;3rd age platebody;3rd age full helmet;3rd age kiteshield;3rd age druidic robe bottoms;Master_Treasure_Trail_Rewards__Rare__edit___edit_source;;;;;;
Items;3rd age druidic robe top;3rd age druidic staff;3rd age druidic cloak;Gilded scimitar;Master_Treasure_Trail_Rewards__Rare__edit___edit_source;;;;;;
Items;Gilded boots;Gilded platebody;Gilded platelegs;Gilded plateskirt;Master_Treasure_Trail_Rewards__Rare__edit___edit_source;;;;;;
Items;Gilded full helm;Gilded kiteshield;Gilded med helm;Gilded chainbody;Master_Treasure_Trail_Rewards__Rare__edit___edit_source;;;;;;
Items;Gilded sq shield;Gilded 2h sword;Gilded spear;Gilded hasta;Master_Treasure_Trail_Rewards__Rare__edit___edit_source;;;;;;
Items;Gilded coif;Gilded d'hide vambraces;Gilded d'hide body;Gilded d'hide chaps;Master_Treasure_Trail_Rewards__Rare__edit___edit_source;;;;;;
Items;Gilded pickaxe;Gilded axe;Gilded spade;Bucket helm (g);Master_Treasure_Trail_Rewards__Rare__edit___edit_source;;;;;;
Items;Ring of coins;N/A;N/A;N/A;Master_Treasure_Trail_Rewards__Rare__edit___edit_source;;;;;;
Items;Supply crate;Carpenter's helmet;Carpenter's shirt;Mahogany_Homes_edit___edit_source;;;;;;;
Items;Carpenter's trousers;Carpenter's boots;Amy's saw;Mahogany_Homes_edit___edit_source;;;;;;;
Items;Plank sack;Hosidius blueprints;N/A;Mahogany_Homes_edit___edit_source;;;;;;;
Items;Beginner wand;Apprentice wand;Teacher wand;Magic_Training_Arena_edit___edit_source;;;;;;;
Items;Master wand;Infinity hat;Infinity top;Magic_Training_Arena_edit___edit_source;;;;;;;
Items;Infinity bottoms;Infinity boots;Infinity gloves;Magic_Training_Arena_edit___edit_source;;;;;;;
Items;Mage's book;Bones to peaches;N/A;Magic_Training_Arena_edit___edit_source;;;;;;;
Items;Deadman's chest;Deadman's legs;Deadman's cape;Armadyl halo;Last_Man_Standing_edit___edit_source;;;;;;
Items;Bandos halo;Seren halo;Ancient halo;Brassica halo;Last_Man_Standing_edit___edit_source;;;;;;
Items;Golden armadyl special attack;Golden bandos special attack;Golden saradomin special attack;Golden zamorak special attack;Last_Man_Standing_edit___edit_source;;;;;;
Items;Victor's cape (1);Victor's cape (10);Victor's cape (50);Victor's cape (100);Last_Man_Standing_edit___edit_source;;;;;;
Items;Victor's cape (500);Victor's cape (1000);Granite clamp;Ornate maul handle;Last_Man_Standing_edit___edit_source;;;;;;
Items;Steam staff upgrade kit;Lava staff upgrade kit;Dragon pickaxe upgrade kit;Ward upgrade kit;Last_Man_Standing_edit___edit_source;;;;;;
Items;Green dark bow paint;Yellow dark bow paint;White dark bow paint;Blue dark bow paint;Last_Man_Standing_edit___edit_source;;;;;;
Items;Volcanic whip mix;Frozen whip mix;Guthixian icon;Swift blade;Last_Man_Standing_edit___edit_source;;;;;;
Items;Pet k'ril tsutsaroth;Staff of the dead;Zamorakian spear;K_ril_Tsutsaroth_edit___edit_source;;;;;;;
Items;Steam battlestaff;Zamorak hilt;Godsword shard 1;K_ril_Tsutsaroth_edit___edit_source;;;;;;;
Items;Godsword shard 2;Godsword shard 3;N/A;K_ril_Tsutsaroth_edit___edit_source;;;;;;;
Items;Pet kree'arra;Armadyl helmet;Armadyl chestplate;Kree_arra_edit___edit_source;;;;;;;
Items;Armadyl chainskirt;Armadyl hilt;Godsword shard 1;Kree_arra_edit___edit_source;;;;;;;
Items;Godsword shard 2;Godsword shard 3;N/A;Kree_arra_edit___edit_source;;;;;;;
Items;Pet kraken;Kraken tentacle;Kraken_edit___edit_source;;;;;;;;
Items;Trident of the seas;Jar of dirt;Kraken_edit___edit_source;;;;;;;;
Items;Prince black dragon;Kbd heads;King_Black_Dragon_edit___edit_source;;;;;;;;
Items;Dragon pickaxe;Draconic visage;King_Black_Dragon_edit___edit_source;;;;;;;;
Items;Kalphite princess;Kq head;Jar of sand;Kalphite_Queen_edit___edit_source;;;;;;;
Items;Dragon 2h sword;Dragon chainbody;N/A;Kalphite_Queen_edit___edit_source;;;;;;;
Items;Bottomless compost bucket;Iasor seed;Hespori_edit___edit_source;;;;;;;;
Items;Kronos seed;Attas seed;Hespori_edit___edit_source;;;;;;;;
Items;Robin hood hat;Dragon boots ornament kit;Rune defender ornament kit;Tzhaar-ket-om ornament kit;Hard_Treasure_Trails_edit___edit_source;;;;;;
Items;Berserker necklace ornament kit;Rune full helm (t);Rune platebody (t);Rune platelegs (t);Hard_Treasure_Trails_edit___edit_source;;;;;;
Items;Rune plateskirt (t);Rune kiteshield (t);Rune full helm (g);Rune platebody (g);Hard_Treasure_Trails_edit___edit_source;;;;;;
Items;Rune platelegs (g);Rune plateskirt (g);Rune kiteshield (g);Zamorak full helm;Hard_Treasure_Trails_edit___edit_source;;;;;;
Items;Zamorak platebody;Zamorak platelegs;Zamorak plateskirt;Zamorak kiteshield;Hard_Treasure_Trails_edit___edit_source;;;;;;
Items;Guthix full helm;Guthix platebody;Guthix platelegs;Guthix plateskirt;Hard_Treasure_Trails_edit___edit_source;;;;;;
Items;Guthix kiteshield;Saradomin full helm;Saradomin platebody;Saradomin platelegs;Hard_Treasure_Trails_edit___edit_source;;;;;;
Items;Saradomin plateskirt;Saradomin kiteshield;Ancient full helm;Ancient platebody;Hard_Treasure_Trails_edit___edit_source;;;;;;
Items;Ancient platelegs;Ancient plateskirt;Ancient kiteshield;Armadyl full helm;Hard_Treasure_Trails_edit___edit_source;;;;;;
Items;Armadyl platebody;Armadyl platelegs;Armadyl plateskirt;Armadyl kiteshield;Hard_Treasure_Trails_edit___edit_source;;;;;;
Items;Bandos full helm;Bandos platebody;Bandos platelegs;Bandos plateskirt;Hard_Treasure_Trails_edit___edit_source;;;;;;
Items;Bandos kiteshield;Rune shield (h1);Rune shield (h2);Rune shield (h3);Hard_Treasure_Trails_edit___edit_source;;;;;;
Items;Rune shield (h4);Rune shield (h5);Rune helm (h1);Rune helm (h2);Hard_Treasure_Trails_edit___edit_source;;;;;;
Items;Rune helm (h3);Rune helm (h4);Rune helm (h5);Rune platebody (h1);Hard_Treasure_Trails_edit___edit_source;;;;;;
Items;Rune platebody (h2);Rune platebody (h3);Rune platebody (h4);Rune platebody (h5);Hard_Treasure_Trails_edit___edit_source;;;;;;
Items;Saradomin coif;Saradomin d'hide body;Saradomin chaps;Saradomin bracers;Hard_Treasure_Trails_edit___edit_source;;;;;;
Items;Saradomin d'hide boots;Saradomin d'hide shield;Guthix coif;Guthix d'hide body;Hard_Treasure_Trails_edit___edit_source;;;;;;
Items;Guthix chaps;Guthix bracers;Guthix d'hide boots;Guthix d'hide shield;Hard_Treasure_Trails_edit___edit_source;;;;;;
Items;Zamorak coif;Zamorak d'hide body;Zamorak chaps;Zamorak bracers;Hard_Treasure_Trails_edit___edit_source;;;;;;
Items;Zamorak d'hide boots;Zamorak d'hide shield;Bandos coif;Bandos d'hide body;Hard_Treasure_Trails_edit___edit_source;;;;;;
Items;Bandos chaps;Bandos bracers;Bandos d'hide boots;Bandos d'hide shield;Hard_Treasure_Trails_edit___edit_source;;;;;;
Items;Armadyl coif;Armadyl d'hide body;Armadyl chaps;Armadyl bracers;Hard_Treasure_Trails_edit___edit_source;;;;;;
Items;Armadyl d'hide boots;Armadyl d'hide shield;Ancient coif;Ancient d'hide body;Hard_Treasure_Trails_edit___edit_source;;;;;;
Items;Ancient chaps;Ancient bracers;Ancient d'hide boots;Ancient d'hide shield;Hard_Treasure_Trails_edit___edit_source;;;;;;
Items;Red d'hide body (t);Red d'hide chaps (t);Red d'hide body (g);Red d'hide chaps (g);Hard_Treasure_Trails_edit___edit_source;;;;;;
Items;Blue d'hide body (t);Blue d'hide chaps (t);Blue d'hide body (g);Blue d'hide chaps (g);Hard_Treasure_Trails_edit___edit_source;;;;;;
Items;Enchanted hat;Enchanted top;Enchanted robe;Saradomin stole;Hard_Treasure_Trails_edit___edit_source;;;;;;
Items;Saradomin crozier;Guthix stole;Guthix crozier;Zamorak stole;Hard_Treasure_Trails_edit___edit_source;;;;;;
Items;Zamorak crozier;Zombie head;Cyclops head;Pirate's hat;Hard_Treasure_Trails_edit___edit_source;;;;;;
Items;Red cavalier;White cavalier;Navy cavalier;Tan cavalier;Hard_Treasure_Trails_edit___edit_source;;;;;;
Items;Dark cavalier;Black cavalier;Pith helmet;Explorer backpack;Hard_Treasure_Trails_edit___edit_source;;;;;;
Items;Thieving bag;Green dragon mask;Blue dragon mask;Red dragon mask;Hard_Treasure_Trails_edit___edit_source;;;;;;
Items;Black dragon mask;Nunchaku;Dual sai;Rune cane;Hard_Treasure_Trails_edit___edit_source;;;;;;
Items;Amulet of glory (t);Magic comp bow;N/A;N/A;Hard_Treasure_Trails_edit___edit_source;;;;;;
Items;3rd age range coif;3rd age range top;3rd age range legs;3rd age vambraces;Hard_Treasure_Trail_Rewards__Rare__edit___edit_source;;;;;;
Items;3rd age robe top;3rd age robe;3rd age mage hat;3rd age amulet;Hard_Treasure_Trail_Rewards__Rare__edit___edit_source;;;;;;
Items;3rd age plateskirt;3rd age platelegs;3rd age platebody;3rd age full helmet;Hard_Treasure_Trail_Rewards__Rare__edit___edit_source;;;;;;
Items;3rd age kiteshield;Gilded platebody;Gilded platelegs;Gilded plateskirt;Hard_Treasure_Trail_Rewards__Rare__edit___edit_source;;;;;;
Items;Gilded full helm;Gilded kiteshield;Gilded med helm;Gilded chainbody;Hard_Treasure_Trail_Rewards__Rare__edit___edit_source;;;;;;
Items;Gilded sq shield;Gilded 2h sword;Gilded spear;Gilded hasta;Hard_Treasure_Trail_Rewards__Rare__edit___edit_source;;;;;;
Items;Hallowed mark;Hallowed token;Hallowed grapple;Hallowed focus;Hallowed_Sepulchre_edit___edit_source;;;;;;
Items;Hallowed symbol;Hallowed hammer;Hallowed ring;Dark dye;Hallowed_Sepulchre_edit___edit_source;;;;;;
Items;Dark acorn;Strange old lockpick;Ring of endurance;Mysterious page;Hallowed_Sepulchre_edit___edit_source;;;;;;
Items;Abyssal protector;Abyssal pearls;Catalytic talisman;Abyssal needle;Guardians_of_the_Rift_edit___edit_source;;;;;;
Items;Abyssal green dye;Abyssal blue dye;Abyssal red dye;Hat of the eye;Guardians_of_the_Rift_edit___edit_source;;;;;;
Items;Robe top of the eye;Robe bottoms of the eye;Boots of the eye;Ring of the elements;Guardians_of_the_Rift_edit___edit_source;;;;;;
Items;Abyssal lantern;Guardian's eye;Intricate pouch;Lost bag;Guardians_of_the_Rift_edit___edit_source;;;;;;
Items;Tarnished locket;N/A;N/A;N/A;Guardians_of_the_Rift_edit___edit_source;;;;;;
Items;Noon;Black tourmaline core;Granite gloves;Grotesque_Guardians_edit___edit_source;;;;;;;
Items;Granite ring;Granite hammer;Jar of stone;Grotesque_Guardians_edit___edit_source;;;;;;;
Items;Granite dust;N/A;N/A;Grotesque_Guardians_edit___edit_source;;;;;;;
Items;Grand seed pod;Gnome scarf;Gnome_Restaurant_edit___edit_source;;;;;;;;
Items;Gnome goggles;Mint cake;Gnome_Restaurant_edit___edit_source;;;;;;;;
Items;Zenyte shard;Light frame;Heavy frame;Glough_s_Experiments_edit___edit_source;;;;;;;
Items;Ballista limbs;Monkey tail;Ballista spring;Glough_s_Experiments_edit___edit_source;;;;;;;
Items;Smiths tunic;Smiths trousers;Smiths boots;Giants__Foundry_edit___edit_source;;;;;;;
Items;Smiths gloves;Colossal blade;Double ammo mould;Giants__Foundry_edit___edit_source;;;;;;;
Items;Kovac's grog;Smithing catalyst;Ore pack;Giants__Foundry_edit___edit_source;;;;;;;
Items;Pet general graardor;Bandos chestplate;Bandos tassets;General_Graardor_edit___edit_source;;;;;;;
Items;Bandos boots;Bandos hilt;Godsword shard 1;General_Graardor_edit___edit_source;;;;;;;
Items;Godsword shard 2;Godsword shard 3;N/A;General_Graardor_edit___edit_source;;;;;;;
Items;Scribbled note;Partial note;Ancient note;Fossil_Island_Notes_edit___edit_source;;;;;;;
Items;Ancient writings;Experimental note;Paragraph of text;Fossil_Island_Notes_edit___edit_source;;;;;;;
Items;Musty smelling note;Hastily scrawled note;Old writing;Fossil_Island_Notes_edit___edit_source;;;;;;;
Items;Short note;N/A;N/A;Fossil_Island_Notes_edit___edit_source;;;;;;;
Items;Angler hat;Angler top;Fishing_Trawler_edit___edit_source;;;;;;;;
Items;Angler waders;Angler boots;Fishing_Trawler_edit___edit_source;;;;;;;;
Items;Ring of 3rd age;Fury ornament kit;Dragon chainbody ornament kit;Dragon legs/skirt ornament kit;Elite_Treasure_Trails_edit___edit_source;;;;;;
Items;Dragon sq shield ornament kit;Dragon full helm ornament kit;Dragon scimitar ornament kit;Light infinity colour kit;Elite_Treasure_Trails_edit___edit_source;;;;;;
Items;Dark infinity colour kit;Holy wraps;Ranger gloves;Rangers' tunic;Elite_Treasure_Trails_edit___edit_source;;;;;;
Items;Rangers' tights;Black d'hide body (g);Black d'hide chaps (g);Black d'hide body (t);Elite_Treasure_Trails_edit___edit_source;;;;;;
Items;Black d'hide chaps (t);Royal crown;Royal sceptre;Royal gown top;Elite_Treasure_Trails_edit___edit_source;;;;;;
Items;Royal gown bottom;Musketeer hat;Musketeer tabard;Musketeer pants;Elite_Treasure_Trails_edit___edit_source;;;;;;
Items;Dark tuxedo jacket;Dark trousers;Dark tuxedo shoes;Dark tuxedo cuffs;Elite_Treasure_Trails_edit___edit_source;;;;;;
Items;Dark bow tie;Light tuxedo jacket;Light trousers;Light tuxedo shoes;Elite_Treasure_Trails_edit___edit_source;;;;;;
Items;Light tuxedo cuffs;Light bow tie;Arceuus scarf;Hosidius scarf;Elite_Treasure_Trails_edit___edit_source;;;;;;
Items;Piscarilius scarf;Shayzien scarf;Lovakengj scarf;Bronze dragon mask;Elite_Treasure_Trails_edit___edit_source;;;;;;
Items;Iron dragon mask;Steel dragon mask;Mithril dragon mask;Adamant dragon mask;Elite_Treasure_Trails_edit___edit_source;;;;;;
Items;Rune dragon mask;Katana;Dragon cane;Briefcase;Elite_Treasure_Trails_edit___edit_source;;;;;;
Items;Bucket helm;Blacksmith's helm;Deerstalker;Afro;Elite_Treasure_Trails_edit___edit_source;;;;;;
Items;Big pirate hat;Top hat;Monocle;Sagacious spectacles;Elite_Treasure_Trails_edit___edit_source;;;;;;
Items;Fremennik kilt;Giant boot;Uri's hat;N/A;Elite_Treasure_Trails_edit___edit_source;;;;;;
Items;3rd age longsword;3rd age wand;3rd age cloak;3rd age bow;Elite_Treasure_Trail_Rewards__Rare__edit___edit_source;;;;;;
Items;3rd age range coif;3rd age range top;3rd age range legs;3rd age vambraces;Elite_Treasure_Trail_Rewards__Rare__edit___edit_source;;;;;;
Items;3rd age robe top;3rd age robe;3rd age mage hat;3rd age amulet;Elite_Treasure_Trail_Rewards__Rare__edit___edit_source;;;;;;
Items;3rd age plateskirt;3rd age platelegs;3rd age platebody;3rd age full helmet;Elite_Treasure_Trail_Rewards__Rare__edit___edit_source;;;;;;
Items;3rd age kiteshield;Gilded scimitar;Gilded boots;Gilded platebody;Elite_Treasure_Trail_Rewards__Rare__edit___edit_source;;;;;;
Items;Gilded platelegs;Gilded plateskirt;Gilded full helm;Gilded kiteshield;Elite_Treasure_Trail_Rewards__Rare__edit___edit_source;;;;;;
Items;Gilded med helm;Gilded chainbody;Gilded sq shield;Gilded 2h sword;Elite_Treasure_Trail_Rewards__Rare__edit___edit_source;;;;;;
Items;Gilded spear;Gilded hasta;Gilded coif;Gilded d'hide vambraces;Elite_Treasure_Trail_Rewards__Rare__edit___edit_source;;;;;;
Items;Gilded d'hide body;Gilded d'hide chaps;Gilded pickaxe;Gilded axe;Elite_Treasure_Trail_Rewards__Rare__edit___edit_source;;;;;;
Items;Gilded spade;Ring of nature;Lava dragon mask;N/A;Elite_Treasure_Trail_Rewards__Rare__edit___edit_source;;;;;;
Items;Team cape zero;Team cape i;Team cape x;Cape of skulls;Easy_Treasure_Trails_edit___edit_source;;;;;;
Items;Golden chef's hat;Golden apron;Wooden shield (g);Black full helm (t);Easy_Treasure_Trails_edit___edit_source;;;;;;
Items;Black platebody (t);Black platelegs (t);Black plateskirt (t);Black kiteshield (t);Easy_Treasure_Trails_edit___edit_source;;;;;;
Items;Black full helm (g);Black platebody (g);Black platelegs (g);Black plateskirt (g);Easy_Treasure_Trails_edit___edit_source;;;;;;
Items;Black kiteshield (g);Black shield (h1);Black shield (h2);Black shield (h3);Easy_Treasure_Trails_edit___edit_source;;;;;;
Items;Black shield (h4);Black shield (h5);Black helm (h1);Black helm (h2);Easy_Treasure_Trails_edit___edit_source;;;;;;
Items;Black helm (h3);Black helm (h4);Black helm (h5);Black platebody (h1);Easy_Treasure_Trails_edit___edit_source;;;;;;
Items;Black platebody (h2);Black platebody (h3);Black platebody (h4);Black platebody (h5);Easy_Treasure_Trails_edit___edit_source;;;;;;
Items;Steel full helm (t);Steel platebody (t);Steel platelegs (t);Steel plateskirt (t);Easy_Treasure_Trails_edit___edit_source;;;;;;
Items;Steel kiteshield (t);Steel full helm (g);Steel platebody (g);Steel platelegs (g);Easy_Treasure_Trails_edit___edit_source;;;;;;
Items;Steel plateskirt (g);Steel kiteshield (g);Iron platebody (t);Iron platelegs (t);Easy_Treasure_Trails_edit___edit_source;;;;;;
Items;Iron plateskirt (t);Iron kiteshield (t);Iron full helm (t);Iron platebody (g);Easy_Treasure_Trails_edit___edit_source;;;;;;
Items;Iron platelegs (g);Iron plateskirt (g);Iron kiteshield (g);Iron full helm (g);Easy_Treasure_Trails_edit___edit_source;;;;;;
Items;Bronze platebody (t);Bronze platelegs (t);Bronze plateskirt (t);Bronze kiteshield (t);Easy_Treasure_Trails_edit___edit_source;;;;;;
Items;Bronze full helm (t);Bronze platebody (g);Bronze platelegs (g);Bronze plateskirt (g);Easy_Treasure_Trails_edit___edit_source;;;;;;
Items;Bronze kiteshield (g);Bronze full helm (g);Studded body (g);Studded chaps (g);Easy_Treasure_Trails_edit___edit_source;;;;;;
Items;Studded body (t);Studded chaps (t);Leather body (g);Leather chaps (g);Easy_Treasure_Trails_edit___edit_source;;;;;;
Items;Blue wizard hat (g);Blue wizard robe (g);Blue skirt (g);Blue wizard hat (t);Easy_Treasure_Trails_edit___edit_source;;;;;;
Items;Blue wizard robe (t);Blue skirt (t);Black wizard hat (g);Black wizard robe (g);Easy_Treasure_Trails_edit___edit_source;;;;;;
Items;Black skirt (g);Black wizard hat (t);Black wizard robe (t);Black skirt (t);Easy_Treasure_Trails_edit___edit_source;;;;;;
Items;Monk's robe top (g);Monk's robe (g);Saradomin robe top;Saradomin robe legs;Easy_Treasure_Trails_edit___edit_source;;;;;;
Items;Guthix robe top;Guthix robe legs;Zamorak robe top;Zamorak robe legs;Easy_Treasure_Trails_edit___edit_source;;;;;;
Items;Ancient robe top;Ancient robe legs;Armadyl robe top;Armadyl robe legs;Easy_Treasure_Trails_edit___edit_source;;;;;;
Items;Bandos robe top;Bandos robe legs;Bob's red shirt;Bob's green shirt;Easy_Treasure_Trails_edit___edit_source;;;;;;
Items;Bob's blue shirt;Bob's black shirt;Bob's purple shirt;Highwayman mask;Easy_Treasure_Trails_edit___edit_source;;;;;;
Items;Blue beret;Black beret;White beret;Red beret;Easy_Treasure_Trails_edit___edit_source;;;;;;
Items;A powdered wig;Beanie;Imp mask;Goblin mask;Easy_Treasure_Trails_edit___edit_source;;;;;;
Items;Sleeping cap;Flared trousers;Pantaloons;Black cane;Easy_Treasure_Trails_edit___edit_source;;;;;;
Items;Staff of bob the cat;Red elegant shirt;Red elegant blouse;Red elegant legs;Easy_Treasure_Trails_edit___edit_source;;;;;;
Items;Red elegant skirt;Green elegant shirt;Green elegant blouse;Green elegant legs;Easy_Treasure_Trails_edit___edit_source;;;;;;
Items;Green elegant skirt;Blue elegant shirt;Blue elegant blouse;Blue elegant legs;Easy_Treasure_Trails_edit___edit_source;;;;;;
Items;Blue elegant skirt;Amulet of magic (t);Amulet of power (t);Black pickaxe;Easy_Treasure_Trails_edit___edit_source;;;;;;
Items;Ham joint;Rain bow;Willow comp bow;N/A;Easy_Treasure_Trails_edit___edit_source;;;;;;
3rd age amulet;[List];Duplicate_entries_edit___edit_source;;;;;;;;;
3rd age bow;[List];Duplicate_entries_edit___edit_source;;;;;;;;;
3rd age cloak;[List];Duplicate_entries_edit___edit_source;;;;;;;;;
3rd age full helmet;[List];Duplicate_entries_edit___edit_source;;;;;;;;;
3rd age kiteshield;[List];Duplicate_entries_edit___edit_source;;;;;;;;;
3rd age longsword;[List];Duplicate_entries_edit___edit_source;;;;;;;;;
3rd age mage hat;[List];Duplicate_entries_edit___edit_source;;;;;;;;;
3rd age platebody;[List];Duplicate_entries_edit___edit_source;;;;;;;;;
3rd age platelegs;[List];Duplicate_entries_edit___edit_source;;;;;;;;;
3rd age plateskirt;[List];Duplicate_entries_edit___edit_source;;;;;;;;;
3rd age range coif;[List];Duplicate_entries_edit___edit_source;;;;;;;;;
3rd age range legs;[List];Duplicate_entries_edit___edit_source;;;;;;;;;
3rd age range top;[List];Duplicate_entries_edit___edit_source;;;;;;;;;
3rd age robe;[List];Duplicate_entries_edit___edit_source;;;;;;;;;
3rd age robe top;[List];Duplicate_entries_edit___edit_source;;;;;;;;;
3rd age vambraces;[List];Duplicate_entries_edit___edit_source;;;;;;;;;
3rd age wand;[List];Duplicate_entries_edit___edit_source;;;;;;;;;
Abyssal dagger;[List];Duplicate_entries_edit___edit_source;;;;;;;;;
Abyssal head;[List];Duplicate_entries_edit___edit_source;;;;;;;;;
Abyssal orphan;[List];Duplicate_entries_edit___edit_source;;;;;;;;;
Abyssal whip;[List];Duplicate_entries_edit___edit_source;;;;;;;;;
Angler boots;[List];Duplicate_entries_edit___edit_source;;;;;;;;;
Angler hat;[List];Duplicate_entries_edit___edit_source;;;;;;;;;
Angler top;[List];Duplicate_entries_edit___edit_source;;;;;;;;;
Angler waders;[List];Duplicate_entries_edit___edit_source;;;;;;;;;
Baby chinchompa;[List];Duplicate_entries_edit___edit_source;;;;;;;;;
Baby mole;[List];Duplicate_entries_edit___edit_source;;;;;;;;;
Beaver;[List];Duplicate_entries_edit___edit_source;;;;;;;;;
Black pickaxe;[List];Duplicate_entries_edit___edit_source;;;;;;;;;
Bloodhound;[List];Duplicate_entries_edit___edit_source;;;;;;;;;
Callisto cub;[List];Duplicate_entries_edit___edit_source;;;;;;;;;
Chompy chick;[List];Duplicate_entries_edit___edit_source;;;;;;;;;
Draconic visage;[List];Duplicate_entries_edit___edit_source;;;;;;;;;
Dragon 2h sword;[List];Duplicate_entries_edit___edit_source;;;;;;;;;
Dragon axe;[List];Duplicate_entries_edit___edit_source;;;;;;;;;
Dragon chainbody;[List];Duplicate_entries_edit___edit_source;;;;;;;;;
Dragon harpoon;[List];Duplicate_entries_edit___edit_source;;;;;;;;;
Dragon knife;[List];Duplicate_entries_edit___edit_source;;;;;;;;;
Dragon pickaxe;[List];Duplicate_entries_edit___edit_source;;;;;;;;;
Dragon thrownaxe;[List];Duplicate_entries_edit___edit_source;;;;;;;;;
Giant squirrel;[List];Duplicate_entries_edit___edit_source;;;;;;;;;
Gilded 2h sword;[List];Duplicate_entries_edit___edit_source;;;;;;;;;
Gilded axe;[List];Duplicate_entries_edit___edit_source;;;;;;;;;
Gilded boots;[List];Duplicate_entries_edit___edit_source;;;;;;;;;
Gilded chainbody;[List];Duplicate_entries_edit___edit_source;;;;;;;;;
Gilded coif;[List];Duplicate_entries_edit___edit_source;;;;;;;;;
Gilded d'hide body;[List];Duplicate_entries_edit___edit_source;;;;;;;;;
Gilded d'hide chaps;[List];Duplicate_entries_edit___edit_source;;;;;;;;;
Gilded d'hide vambraces;[List];Duplicate_entries_edit___edit_source;;;;;;;;;
Gilded full helm;[List];Duplicate_entries_edit___edit_source;;;;;;;;;
Gilded hasta;[List];Duplicate_entries_edit___edit_source;;;;;;;;;
Gilded kiteshield;[List];Duplicate_entries_edit___edit_source;;;;;;;;;
Gilded med helm;[List];Duplicate_entries_edit___edit_source;;;;;;;;;
Gilded pickaxe;[List];Duplicate_entries_edit___edit_source;;;;;;;;;
Gilded platebody;[List];Duplicate_entries_edit___edit_source;;;;;;;;;
Gilded platelegs;[List];Duplicate_entries_edit___edit_source;;;;;;;;;
Gilded plateskirt;[List];Duplicate_entries_edit___edit_source;;;;;;;;;
Gilded scimitar;[List];Duplicate_entries_edit___edit_source;;;;;;;;;
Gilded spade;[List];Duplicate_entries_edit___edit_source;;;;;;;;;
Gilded spear;[List];Duplicate_entries_edit___edit_source;;;;;;;;;
Gilded sq shield;[List];Duplicate_entries_edit___edit_source;;;;;;;;;
Godsword shard 1;[List];Duplicate_entries_edit___edit_source;;;;;;;;;
Godsword shard 2;[List];Duplicate_entries_edit___edit_source;;;;;;;;;
Godsword shard 3;[List];Duplicate_entries_edit___edit_source;;;;;;;;;
Granite helm;[List];Duplicate_entries_edit___edit_source;;;;;;;;;
Hellpuppy;[List];Duplicate_entries_edit___edit_source;;;;;;;;;
Herbi;[List];Duplicate_entries_edit___edit_source;;;;;;;;;
Heron;[List];Duplicate_entries_edit___edit_source;;;;;;;;;
Hydra tail;[List];Duplicate_entries_edit___edit_source;;;;;;;;;
Hydra's eye;[List];Duplicate_entries_edit___edit_source;;;;;;;;;
Hydra's fang;[List];Duplicate_entries_edit___edit_source;;;;;;;;;
Hydra's heart;[List];Duplicate_entries_edit___edit_source;;;;;;;;;
Ikkle hydra;[List];Duplicate_entries_edit___edit_source;;;;;;;;;
Jal-nib-rek;[List];Duplicate_entries_edit___edit_source;;;;;;;;;
Kalphite princess;[List];Duplicate_entries_edit___edit_source;;;;;;;;;
Kraken tentacle;[List];Duplicate_entries_edit___edit_source;;;;;;;;;
Lil' zik;[List];Duplicate_entries_edit___edit_source;;;;;;;;;
Lil' creator;[List];Duplicate_entries_edit___edit_source;;;;;;;;;
Little nightmare;[List];Duplicate_entries_edit___edit_source;;;;;;;;;
Noon;[List];Duplicate_entries_edit___edit_source;;;;;;;;;
Occult necklace;[List];Duplicate_entries_edit___edit_source;;;;;;;;;
Olmlet;[List];Duplicate_entries_edit___edit_source;;;;;;;;;
Pet chaos elemental;[List];Duplicate_entries_edit___edit_source;;;;;;;;;
Pet dagannoth prime;[List];Duplicate_entries_edit___edit_source;;;;;;;;;
Pet dagannoth rex;[List];Duplicate_entries_edit___edit_source;;;;;;;;;
Pet dagannoth supreme;[List];Duplicate_entries_edit___edit_source;;;;;;;;;
Pet dark core;[List];Duplicate_entries_edit___edit_source;;;;;;;;;
Pet general graardor;[List];Duplicate_entries_edit___edit_source;;;;;;;;;
Pet k'ril tsutsaroth;[List];Duplicate_entries_edit___edit_source;;;;;;;;;
Pet kraken;[List];Duplicate_entries_edit___edit_source;;;;;;;;;
Pet kree'arra;[List];Duplicate_entries_edit___edit_source;;;;;;;;;
Pet penance queen;[List];Duplicate_entries_edit___edit_source;;;;;;;;;
Pet smoke devil;[List];Duplicate_entries_edit___edit_source;;;;;;;;;
Pet snakeling;[List];Duplicate_entries_edit___edit_source;;;;;;;;;
Pet zilyana;[List];Duplicate_entries_edit___edit_source;;;;;;;;;
Phoenix;[List];Duplicate_entries_edit___edit_source;;;;;;;;;
Prince black dragon;[List];Duplicate_entries_edit___edit_source;;;;;;;;;
Rift guardian;[List];Duplicate_entries_edit___edit_source;;;;;;;;;
Ring of 3rd age;[List];Duplicate_entries_edit___edit_source;;;;;;;;;
Rock golem;[List];Duplicate_entries_edit___edit_source;;;;;;;;;
Rocky;[List];Duplicate_entries_edit___edit_source;;;;;;;;;
Scorpia's offspring;[List];Duplicate_entries_edit___edit_source;;;;;;;;;
Skotos;[List];Duplicate_entries_edit___edit_source;;;;;;;;;
Smolcano;[List];Duplicate_entries_edit___edit_source;;;;;;;;;
Sraracha;[List];Duplicate_entries_edit___edit_source;;;;;;;;;
Tangleroot;[List];Duplicate_entries_edit___edit_source;;;;;;;;;
Tiny tempor;[List];Duplicate_entries_edit___edit_source;;;;;;;;;
Tzrek-jad;[List];Duplicate_entries_edit___edit_source;;;;;;;;;
Uncut onyx;[List];Duplicate_entries_edit___edit_source;;;;;;;;;
Venenatis spiderling;[List];Duplicate_entries_edit___edit_source;;;;;;;;;
Vet'ion jr.;[List];Duplicate_entries_edit___edit_source;;;;;;;;;
Vorki;[List];Duplicate_entries_edit___edit_source;;;;;;;;;
Youngllef;[List];Duplicate_entries_edit___edit_source;;;;;;;;;
Element;HTML;Document;;;;;;;;;
Items;Pet dagannoth prime;Pet dagannoth supreme;Pet dagannoth rex;Dagannoth_Kings_edit___edit_source;;;;;;;
Items;Berserker ring;Archers ring;Seers ring;Dagannoth_Kings_edit___edit_source;;;;;;;
Items;Warrior ring;Dragon axe;Seercull;Dagannoth_Kings_edit___edit_source;;;;;;;
Items;Mud battlestaff;N/A;N/A;Dagannoth_Kings_edit___edit_source;;;;;;;
Items;Bronze defender;Iron defender;Steel defender;Cyclopes_edit___edit_source;;;;;;;
Items;Black defender;Mithril defender;Adamant defender;Cyclopes_edit___edit_source;;;;;;;
Items;Rune defender;Dragon defender;N/A;Cyclopes_edit___edit_source;;;;;;;
Items;Tea flask;Plain satchel;Green satchel;Creature_Creation_edit___edit_source;;;;;;;
Items;Red satchel;Black satchel;Gold satchel;Creature_Creation_edit___edit_source;;;;;;;
Items;Rune satchel;N/A;N/A;Creature_Creation_edit___edit_source;;;;;;;
Items;Pet dark core;Elysian sigil;Spectral sigil;Corporeal_Beast_edit___edit_source;;;;;;;
Items;Arcane sigil;Holy elixir;Spirit shield;Corporeal_Beast_edit___edit_source;;;;;;;
Items;Jar of spirits;N/A;N/A;Corporeal_Beast_edit___edit_source;;;;;;;
Items;Pet zilyana;Armadyl crossbow;Saradomin hilt;Commander_Zilyana_edit___edit_source;;;;;;;
Items;Saradomin sword;Saradomin's light;Godsword shard 1;Commander_Zilyana_edit___edit_source;;;;;;;
Items;Godsword shard 2;Godsword shard 3;N/A;Commander_Zilyana_edit___edit_source;;;;;;;
Items;Chompy chick;Chompy bird hat (ogre bowman);Chompy bird hat (bowman);Chompy_Birds_edit___edit_source;;;;;;;
Items;Chompy bird hat (ogre yeoman);Chompy bird hat (yeoman);Chompy bird hat (ogre marksman);Chompy_Birds_edit___edit_source;;;;;;;
Items;Chompy bird hat (marksman);Chompy bird hat (ogre woodsman);Chompy bird hat (woodsman);Chompy_Birds_edit___edit_source;;;;;;;
Items;Chompy bird hat (ogre forester);Chompy bird hat (forester);Chompy bird hat (ogre bowmaster);Chompy_Birds_edit___edit_source;;;;;;;
Items;Chompy bird hat (bowmaster);Chompy bird hat (ogre expert);Chompy bird hat (expert);Chompy_Birds_edit___edit_source;;;;;;;
Items;Chompy bird hat (ogre dragon archer);Chompy bird hat (dragon archer);Chompy bird hat (expert ogre dragon archer);Chompy_Birds_edit___edit_source;;;;;;;
Items;Chompy bird hat (expert dragon archer);N/A;N/A;Chompy_Birds_edit___edit_source;;;;;;;
Items;Earth warrior champion scroll;Ghoul champion scroll;Giant champion scroll;Champion_s_Challenge_edit___edit_source;;;;;;;
Items;Goblin champion scroll;Hobgoblin champion scroll;Imp champion scroll;Champion_s_Challenge_edit___edit_source;;;;;;;
Items;Jogre champion scroll;Lesser demon champion scroll;Skeleton champion scroll;Champion_s_Challenge_edit___edit_source;;;;;;;
Items;Zombie champion scroll;Champion's cape;N/A;Champion_s_Challenge_edit___edit_source;;;;;;;
Items;Olmlet;Metamorphic dust;Twisted bow;Chambers_of_Xeric_edit___edit_source;;;;;;;
Items;Elder maul;Kodai insignia;Dragon claws;Chambers_of_Xeric_edit___edit_source;;;;;;;
Items;Ancestral hat;Ancestral robe top;Ancestral robe bottom;Chambers_of_Xeric_edit___edit_source;;;;;;;
Items;Dinh's bulwark;Dexterous prayer scroll;Arcane prayer scroll;Chambers_of_Xeric_edit___edit_source;;;;;;;
Items;Dragon hunter crossbow;Twisted buckler;Torn prayer scroll;Chambers_of_Xeric_edit___edit_source;;;;;;;
Items;Dark relic;Onyx;Twisted ancestral colour kit;Chambers_of_Xeric_edit___edit_source;;;;;;;
Items;Xeric's guard;Xeric's warrior;Xeric's sentinel;Chambers_of_Xeric_edit___edit_source;;;;;;;
Items;Xeric's general;Xeric's champion;N/A;Chambers_of_Xeric_edit___edit_source;;;;;;;
Items;Hellpuppy;Eternal crystal;Pegasian crystal;Cerberus_edit___edit_source;;;;;;;
Items;Primordial crystal;Jar of souls;Smouldering stone;Cerberus_edit___edit_source;;;;;;;
Items;Key master teleport;N/A;N/A;Cerberus_edit___edit_source;;;;;;;
Items;Decorative helm (red);Decorative full helm (red);Decorative armour (red platebody);Castle_Wars_edit___edit_source;;;;;;;
Items;Decorative sword (red);Decorative shield (red);Decorative armour (red platelegs);Castle_Wars_edit___edit_source;;;;;;;
Items;Decorative armour (red plateskirt);Decorative boots (red);Decorative helm (white);Castle_Wars_edit___edit_source;;;;;;;
Items;Decorative full helm (white);Decorative armour (white platebody);Decorative sword (white);Castle_Wars_edit___edit_source;;;;;;;
Items;Decorative shield (white);Decorative armour (white platelegs);Decorative armour (white plateskirt);Castle_Wars_edit___edit_source;;;;;;;
Items;Decorative boots (white);Decorative helm (gold);Decorative full helm (gold);Castle_Wars_edit___edit_source;;;;;;;
Items;Decorative armour (gold platebody);Decorative sword (gold);Decorative shield (gold);Castle_Wars_edit___edit_source;;;;;;;
Items;Decorative armour (gold platelegs);Decorative armour (gold plateskirt);Decorative boots (gold);Castle_Wars_edit___edit_source;;;;;;;
Items;Castlewars hood;Castlewars cloak;Castlewars hood;Castle_Wars_edit___edit_source;;;;;;;
Items;Castlewars cloak;Saradomin banner;Zamorak banner;Castle_Wars_edit___edit_source;;;;;;;
Items;Decorative armour (magic hat);Decorative armour (magic top);Decorative armour (magic legs);Castle_Wars_edit___edit_source;;;;;;;
Items;Decorative armour (ranged top);Decorative armour (ranged legs);Decorative armour (quiver);Castle_Wars_edit___edit_source;;;;;;;
Items;Saradomin halo;Zamorak halo;Guthix halo;Castle_Wars_edit___edit_source;;;;;;;
Items;Barronite mace;Barronite head;Barronite handle;Camdozaal_edit___edit_source;;;;;;;
Items;Barronite guard;Ancient globe;Ancient ledger;Camdozaal_edit___edit_source;;;;;;;
Items;Ancient astroscope;Ancient treatise;Ancient carcanet;Camdozaal_edit___edit_source;;;;;;;
Items;Imcando hammer;N/A;N/A;Camdozaal_edit___edit_source;;;;;;;
Items;Callisto cub;Tyrannical ring;Callisto_edit___edit_source;;;;;;;;
Items;Dragon pickaxe;Dragon 2h sword;Callisto_edit___edit_source;;;;;;;;
Bryophyta's essence;Bryophyta_edit___edit_source;;;;;;;;;;
Items;Agility arena ticket;Pirate's hook;Brimhaven_Agility_Arena_edit___edit_source;;;;;;;;
Items;Graceful hood;Graceful top;Brimhaven_Agility_Arena_edit___edit_source;;;;;;;;
Items;Graceful legs;Graceful gloves;Brimhaven_Agility_Arena_edit___edit_source;;;;;;;;
Items;Graceful boots;Graceful cape;Brimhaven_Agility_Arena_edit___edit_source;;;;;;;;
Items;Mole slippers;Frog slippers;Bear feet;Beginner_Treasure_Trails_edit___edit_source;;;;;;;
Items;Demon feet;Jester cape;Shoulder parrot;Beginner_Treasure_Trails_edit___edit_source;;;;;;;
Items;Monk's robe top (t);Monk's robe (t);Amulet of defence (t);Beginner_Treasure_Trails_edit___edit_source;;;;;;;
Items;Sandwich lady hat;Sandwich lady top;Sandwich lady bottom;Beginner_Treasure_Trails_edit___edit_source;;;;;;;
Items;Rune scimitar ornament kit (guthix);Rune scimitar ornament kit (saradomin);Rune scimitar ornament kit (zamorak);Beginner_Treasure_Trails_edit___edit_source;;;;;;;
Items;Black pickaxe;N/A;N/A;Beginner_Treasure_Trails_edit___edit_source;;;;;;;
Items;Karil's coif;Karil's leathertop;Karil's leatherskirt;Karil's crossbow;Barrows_Chests_edit___edit_source;;;;;;
Items;Ahrim's hood;Ahrim's robetop;Ahrim's robeskirt;Ahrim's staff;Barrows_Chests_edit___edit_source;;;;;;
Items;Dharok's helm;Dharok's platebody;Dharok's platelegs;Dharok's greataxe;Barrows_Chests_edit___edit_source;;;;;;
Items;Guthan's helm;Guthan's platebody;Guthan's chainskirt;Guthan's warspear;Barrows_Chests_edit___edit_source;;;;;;
Items;Torag's helm;Torag's platebody;Torag's platelegs;Torag's hammers;Barrows_Chests_edit___edit_source;;;;;;
Items;Verac's helm;Verac's brassard;Verac's plateskirt;Verac's flail;Barrows_Chests_edit___edit_source;;;;;;
Items;Bolt rack;N/A;N/A;N/A;Barrows_Chests_edit___edit_source;;;;;;
Items;Pet penance queen;Fighter hat;Ranger hat;Barbarian_Assault_edit___edit_source;;;;;;;
Items;Runner hat;Healer hat;Fighter torso;Barbarian_Assault_edit___edit_source;;;;;;;
Items;Penance skirt;Runner boots;Penance gloves;Barbarian_Assault_edit___edit_source;;;;;;;
Items;Granite helm;Granite body;N/A;Barbarian_Assault_edit___edit_source;;;;;;;
Items;Abyssal orphan;Ikkle hydra;Callisto cub;Hellpuppy;All_Pets_edit___edit_source;;;;;;
Items;Pet chaos elemental;Pet zilyana;Pet dark core;Pet dagannoth prime;All_Pets_edit___edit_source;;;;;;
Items;Pet dagannoth supreme;Pet dagannoth rex;Tzrek-jad;Pet general graardor;All_Pets_edit___edit_source;;;;;;
Items;Baby mole;Noon;Jal-nib-rek;Kalphite princess;All_Pets_edit___edit_source;;;;;;
Items;Prince black dragon;Pet kraken;Pet kree'arra;Pet k'ril tsutsaroth;All_Pets_edit___edit_source;;;;;;
Items;Scorpia's offspring;Skotos;Pet smoke devil;Venenatis spiderling;All_Pets_edit___edit_source;;;;;;
Items;Vet'ion jr.;Vorki;Phoenix;Pet snakeling;All_Pets_edit___edit_source;;;;;;
Items;Olmlet;Lil' zik;Bloodhound;Pet penance queen;All_Pets_edit___edit_source;;;;;;
Items;Heron;Rock golem;Beaver;Baby chinchompa;All_Pets_edit___edit_source;;;;;;
Items;Giant squirrel;Tangleroot;Rocky;Rift guardian;All_Pets_edit___edit_source;;;;;;
Items;Herbi;Chompy chick;Sraracha;Smolcano;All_Pets_edit___edit_source;;;;;;
Items;Youngllef;Little nightmare;Lil' creator;Tiny tempor;All_Pets_edit___edit_source;;;;;;
Items;Nexling;Abyssal protector;Tumeken's guardian;N/A;All_Pets_edit___edit_source;;;;;;
Items;Ikkle hydra;Hydra's claw;Hydra tail;Alchemical_Hydra_edit___edit_source;;;;;;;
Items;Hydra leather;Hydra's fang;Hydra's eye;Alchemical_Hydra_edit___edit_source;;;;;;;
Items;Hydra's heart;Dragon knife;Dragon thrownaxe;Alchemical_Hydra_edit___edit_source;;;;;;;
Items;Jar of chemicals;Alchemical hydra heads;N/A;Alchemical_Hydra_edit___edit_source;;;;;;;
Items;Golden tench;Pearl fishing rod;Pearl fly fishing rod;Aerial_Fishing_edit___edit_source;;;;;;;
Items;Pearl barbarian rod;Fish sack;Angler hat;Aerial_Fishing_edit___edit_source;;;;;;;
Items;Angler top;Angler waders;Angler boots;Aerial_Fishing_edit___edit_source;;;;;;;
Items;Abyssal orphan;Unsired;Abyssal head;Abyssal_Sire_edit___edit_source;;;;;;;
Items;Bludgeon spine;Bludgeon claw;Bludgeon axon;Abyssal_Sire_edit___edit_source;;;;;;;
Items;Jar of miasma;Abyssal dagger;Abyssal whip;Abyssal_Sire_edit___edit_source;;;;;;;
ExternalData_83: Getting Data ...;Query1!ExternalData_83;;;;;;;;;;
